,City,Cloudiness,Country,Date,Humidity,Temp,Lat,Lng,Wind Speed
0,dunedin,30,NZ,1575572893,71,53.33,-45.87,170.5,9.86
1,ushuaia,75,AR,1575572828,87,48.2,-54.81,-68.31,35.57
2,atuona,16,PF,1575572876,74,79.34,-9.8,-139.03,12.62
3,albany,90,US,1575572735,55,37.99,42.65,-73.75,20.8
4,panaba,17,MX,1575573172,58,78.06,21.28,-88.27,5.39
5,hermanus,0,ZA,1575572875,68,80.01,-34.42,19.24,3.0
6,marsh harbour,100,BS,1575573172,52,72.19,26.54,-77.06,9.91
7,rikitea,0,PF,1575572876,84,77.41,-23.12,-134.97,7.45
8,lakes entrance,73,AU,1575573172,74,55.0,-37.88,147.99,29.19
9,mugumu,89,TZ,1575573172,93,64.27,-1.84,34.67,3.02
10,busselton,0,AU,1575572881,23,72.0,-33.64,115.35,11.25
11,qaanaaq,99,GL,1575572881,59,-2.16,77.48,-69.36,9.69
12,rio brilhante,100,BR,1575573172,72,82.0,-21.8,-54.54,9.01
13,sao francisco,75,BR,1575573172,61,78.8,-25.65,-53.85,11.41
14,nikolsk,100,RU,1575573172,92,34.95,59.53,45.45,11.88
15,maniitsoq,0,GL,1575572893,51,15.13,65.42,-52.9,7.16
16,raudeberg,75,NO,1575573172,93,43.0,61.99,5.14,16.11
17,portland,90,US,1575573136,60,41.0,43.66,-70.25,4.7
18,punta arenas,75,CL,1575572725,57,51.8,-53.16,-70.91,34.45
19,kapaa,40,US,1575572877,83,75.2,22.08,-159.32,14.99
20,taltal,11,CL,1575573173,68,64.49,-25.41,-70.49,9.08
21,katherine,9,AU,1575573173,64,73.4,-14.47,132.26,6.82
22,vaini,5,IN,1575572880,83,67.55,15.34,74.49,8.14
23,westport,90,US,1575573050,41,43.0,41.14,-73.36,12.75
24,bud,75,NO,1575573173,86,42.8,62.91,6.91,14.99
25,erdenet,0,MN,1575573173,70,2.75,49.03,104.04,3.29
26,saint george,75,GR,1575572898,81,48.2,39.45,22.34,4.7
27,cockburn town,75,TC,1575572645,83,78.8,21.46,-71.14,9.17
28,bredasdorp,0,ZA,1575572878,68,70.0,-34.53,20.04,5.82
29,goderich,97,CA,1575573173,82,35.01,43.74,-81.71,10.0
30,aden,28,YE,1575573173,57,78.13,12.79,45.03,7.23
31,cidreira,28,BR,1575572882,73,70.57,-30.17,-50.22,20.22
32,jumla,16,NP,1575573173,37,32.0,29.28,82.18,4.47
33,kloulklubed,75,PW,1575573173,94,77.0,7.04,134.26,4.45
34,dikson,100,RU,1575572876,97,-6.68,73.51,80.55,7.78
35,togul,32,RU,1575573173,79,22.51,53.47,85.91,3.65
36,rocha,2,UY,1575573174,50,67.35,-34.48,-54.34,16.82
37,kiunga,99,PG,1575573174,99,72.66,-6.12,141.3,2.06
38,monteagudo,100,BO,1575573174,70,62.98,-19.8,-63.96,5.7
39,emerald,11,AU,1575573174,73,75.2,-23.53,148.16,4.7
40,avarua,2,CK,1575572886,78,80.6,-21.21,-159.78,9.17
41,ulaanbaatar,0,MN,1575573174,76,-11.2,47.92,106.92,2.24
42,mataura,48,NZ,1575572879,75,55.0,-46.19,168.86,3.0
43,east london,30,ZA,1575572879,72,68.0,-33.02,27.91,20.8
44,broome,100,GB,1575572881,81,48.0,52.47,1.45,19.46
45,seguela,48,CI,1575573174,25,85.51,7.96,-6.67,4.05
46,hilo,90,US,1575572875,88,69.8,19.71,-155.08,3.36
47,marmora,75,CA,1575573174,63,28.99,44.48,-77.68,17.22
48,churapcha,100,RU,1575573174,97,-37.7,62.0,132.43,4.21
49,shelton,90,US,1575572911,41,43.0,41.32,-73.09,12.75
50,riverton,1,US,1575572883,72,32.0,43.02,-108.38,1.74
51,alakurtti,89,RU,1575573174,92,28.0,66.96,30.34,5.01
52,acari,100,BR,1575572906,20,95.09,-6.44,-36.64,12.95
53,fukue,75,JP,1575573175,66,48.2,35.03,136.69,20.8
54,la asuncion,3,AR,1575573175,42,70.23,-26.05,-65.39,8.46
55,srednekolymsk,98,RU,1575572913,87,-6.29,67.46,153.71,15.35
56,kaeo,0,NZ,1575573175,100,61.0,-35.1,173.78,2.17
57,deputatskiy,100,RU,1575572908,99,-13.47,69.3,139.9,2.39
58,quatre cocos,40,MU,1575573175,88,79.0,-20.21,57.76,3.36
59,provideniya,100,RU,1575572877,95,11.93,64.42,-173.23,16.17
60,severo-kurilsk,93,RU,1575572893,86,21.69,50.68,156.12,28.12
61,stephenville,90,CA,1575573175,96,33.01,48.55,-58.59,7.23
62,mount isa,13,AU,1575572884,13,69.8,-20.73,139.49,4.7
63,jamestown,17,AU,1575572875,83,53.89,-33.21,138.6,4.23
64,luderitz,67,NA,1575572880,68,69.8,-26.65,15.16,11.41
65,tongzi,3,CN,1575573175,70,49.96,28.78,105.09,2.1
66,bom jesus,88,BR,1575573176,29,95.29,-9.08,-44.36,6.44
67,santa isabel do rio negro,96,BR,1575572904,92,81.57,-0.41,-65.02,4.07
68,mahebourg,40,MU,1575572891,83,79.0,-20.41,57.7,3.83
69,kailua,75,US,1575573176,61,80.01,21.39,-157.74,14.99
70,pavagada,49,IN,1575573176,91,65.84,14.1,77.28,6.69
71,shache,0,CN,1575572908,57,25.75,38.42,77.24,4.52
72,poum,20,MK,1575572913,86,30.2,41.28,20.71,1.12
73,esperance,1,AU,1575572882,93,53.6,-33.86,121.89,6.93
74,fortuna,75,US,1575573176,67,59.0,40.6,-124.16,16.11
75,mar del plata,0,AR,1575572875,25,73.9,-46.43,-67.52,28.99
76,san carlos de bariloche,1,AR,1575572901,28,69.8,-41.13,-71.31,24.16
77,lompoc,90,US,1575572874,93,62.6,34.64,-120.46,5.82
78,hithadhoo,54,MV,1575572879,80,83.08,-0.6,73.08,10.8
79,phangnga,20,TH,1575573176,78,77.0,8.45,98.53,8.05
80,pochutla,20,MX,1575573177,55,89.01,15.74,-96.47,11.41
81,pozo colorado,11,PY,1575573177,32,89.04,-23.49,-58.8,10.04
82,madang,5,CN,1575572889,47,18.5,35.32,102.79,9.19
83,carnarvon,84,ZA,1575572877,35,71.38,-30.97,22.13,13.69
84,christchurch,18,NZ,1575572877,48,64.4,-43.53,172.64,13.87
85,puerto ayora,20,EC,1575572882,54,84.2,-0.74,-90.35,8.05
86,porosozero,100,RU,1575573178,86,35.55,62.72,32.71,12.77
87,touros,20,BR,1575573178,43,87.8,-5.2,-35.46,13.87
88,bluff,0,AU,1575572875,77,74.98,-23.58,149.07,3.53
89,cape town,0,ZA,1575572674,47,80.01,-33.93,18.42,10.29
90,port elizabeth,90,US,1575572673,39,45.0,39.31,-74.98,16.11
91,butaritari,67,KI,1575572877,72,83.91,3.07,172.79,11.01
92,timra,81,SE,1575573178,78,41.0,62.49,17.33,6.93
93,chicama,75,PE,1575572896,73,71.6,-7.84,-79.15,10.29
94,kouqian,0,CN,1575573178,82,-3.68,43.66,126.5,6.31
95,najran,0,SA,1575572893,48,62.6,17.54,44.22,4.18
96,hambantota,75,LK,1575572894,100,75.2,6.12,81.12,4.7
97,cabo san lucas,5,MX,1575572715,78,80.01,22.89,-109.91,3.36
98,barrhead,1,CA,1575573178,92,5.0,54.12,-114.4,2.24
99,tiksi,100,RU,1575572880,100,-16.92,71.64,128.87,3.74
100,santa cruz,99,BR,1575572876,29,93.65,-6.22,-36.02,11.97
101,pisco,48,PE,1575572900,30,71.6,-13.71,-76.2,12.75
102,anori,98,BR,1575573179,47,93.58,-3.74,-61.66,3.8
103,komsomolskiy,91,RU,1575572886,96,2.01,67.55,63.78,3.6
104,port alfred,0,ZA,1575572883,85,66.99,-33.59,26.89,8.01
105,camabatela,66,AO,1575573179,97,65.37,-8.19,15.37,6.51
106,lebu,40,ET,1575572892,72,59.0,8.96,38.73,9.17
107,key largo,1,US,1575573161,49,72.0,25.09,-80.45,11.41
108,barrow,16,AR,1575572876,18,80.82,-38.31,-60.23,5.14
109,pevek,0,RU,1575572883,84,-0.74,69.7,170.27,2.53
110,nabire,94,ID,1575573179,97,70.93,-3.36,135.5,2.55
111,tuktoyaktuk,75,CA,1575572875,84,-0.4,69.44,-133.03,17.22
112,voh,100,NC,1575572917,80,74.19,-20.95,164.69,7.49
113,okhotsk,76,RU,1575572894,67,-14.82,59.36,143.24,23.04
114,san quintin,57,PH,1575573179,94,72.14,17.54,120.52,2.95
115,castro,40,CL,1575572888,63,62.6,-42.48,-73.76,10.29
116,sola,100,TZ,1575572885,86,67.51,-3.17,33.8,2.17
117,dingle,100,PH,1575572876,89,74.32,11.0,122.67,4.36
118,solnechnyy,0,RU,1575573180,90,-9.87,50.72,136.64,4.7
119,chikwawa,44,MW,1575573180,84,69.48,-16.03,34.79,10.25
120,ponta do sol,91,BR,1575572881,89,72.3,-20.63,-46.0,7.49
121,yellowknife,75,CA,1575572748,75,-14.01,62.45,-114.38,5.82
122,vila franca do campo,20,PT,1575572877,67,60.8,37.72,-25.43,5.82
123,aswan,0,EG,1575573180,28,68.0,24.09,32.9,4.7
124,san juan,0,AR,1575573063,9,89.42,-31.54,-68.53,13.35
125,nikolskoye,75,RU,1575572882,75,42.8,59.7,30.79,17.9
126,mandalgovi,31,MN,1575573180,45,13.51,45.76,106.27,6.38
127,dicabisagan,14,PH,1575573181,87,76.05,17.08,122.42,6.55
128,tasiilaq,75,GL,1575572884,58,26.6,65.61,-37.64,10.29
129,hasaki,75,JP,1575572914,75,42.8,35.73,140.83,10.29
130,severo-yeniseyskiy,86,RU,1575573181,88,2.37,60.37,93.04,3.85
131,chuy,37,UY,1575572880,48,70.81,-33.69,-53.46,12.21
132,banda aceh,90,ID,1575573181,96,73.04,5.56,95.32,4.36
133,road town,40,VG,1575572721,74,86.0,18.42,-64.62,9.17
134,lufilufi,40,WS,1575573181,70,84.2,-13.87,-171.6,17.69
135,moron,2,HT,1575573181,73,82.54,18.56,-74.26,12.88
136,longyearbyen,75,NO,1575572865,74,30.2,78.22,15.63,42.5
137,faanui,89,PF,1575572902,72,81.73,-16.48,-151.75,3.94
138,sao filipe,43,CV,1575572877,79,68.92,14.9,-24.5,18.81
139,ribeira grande,20,PT,1575572877,67,62.6,38.52,-28.7,2.24
140,kropotkin,6,RU,1575573181,83,29.93,45.43,40.58,8.9
141,paita,0,PE,1575573181,100,62.6,-5.09,-81.11,14.99
142,bowen,75,AU,1575572894,94,75.2,-20.01,148.25,9.95
143,mayumba,96,GA,1575573182,83,78.4,-3.44,10.65,4.43
144,grindavik,40,IS,1575572903,79,28.4,63.84,-22.43,8.05
145,morehead,1,US,1575573182,42,48.2,38.18,-83.43,6.93
146,phan thiet,80,VN,1575573182,91,68.47,10.93,108.1,2.44
147,necochea,20,AR,1575573182,63,64.0,-38.55,-58.74,4.0
148,ilulissat,5,GL,1575572897,42,8.6,69.22,-51.1,12.75
149,takoradi,14,GH,1575572900,79,81.16,4.89,-1.75,10.56
150,barra dos coqueiros,20,BR,1575573182,66,84.2,-10.91,-37.04,14.99
151,qasigiannguit,5,GL,1575572915,42,8.6,68.82,-51.19,12.75
152,saint-joseph,90,FR,1575573182,87,53.6,43.56,6.97,4.7
153,kruisfontein,0,ZA,1575572886,70,63.52,-34.0,24.73,12.48
154,ambilobe,90,MG,1575573182,62,79.65,-13.19,49.05,9.06
155,talnakh,40,RU,1575572903,72,12.2,69.49,88.39,20.13
156,redmond,90,US,1575572750,81,48.2,47.67,-122.12,0.87
157,baykit,93,RU,1575572910,96,-1.88,61.68,96.39,1.74
158,boa vista,40,BR,1575573182,49,91.4,2.82,-60.67,12.75
159,kodiak,1,US,1575572886,38,60.8,39.95,-94.76,10.29
160,luquillo,40,PR,1575573182,74,87.01,18.37,-65.72,10.29
161,petukhovo,96,RU,1575573183,95,14.14,55.06,67.89,10.71
162,tommot,100,RU,1575573183,95,-1.98,58.97,126.27,8.77
163,saldanha,0,PT,1575572897,78,46.31,41.42,-6.55,11.86
164,nagato,75,JP,1575573183,66,42.8,34.35,131.14,16.11
165,manbij,75,SY,1575573184,93,41.0,36.53,37.96,16.11
166,dubbo,9,AU,1575573184,33,59.0,-32.25,148.6,2.24
167,kichera,57,RU,1575573184,76,-1.71,55.93,110.1,5.48
168,new norfolk,75,AU,1575572881,57,51.8,-42.78,147.06,19.46
169,auburn,90,US,1575572887,69,39.99,44.1,-70.23,6.93
170,erzin,75,TR,1575572899,76,51.8,36.95,36.2,10.29
171,kattivakkam,75,IN,1575573184,65,81.0,13.22,80.32,10.29
172,yerbogachen,27,RU,1575573185,96,-14.69,61.28,108.01,2.39
173,shihezi,16,CN,1575573185,84,15.84,44.3,86.03,2.59
174,pangody,100,RU,1575573185,95,8.15,65.85,74.49,6.53
175,thinadhoo,51,MV,1575573185,76,83.34,0.53,72.93,7.65
176,iqaluit,90,CA,1575572881,78,8.6,63.75,-68.52,16.11
177,chokurdakh,93,RU,1575572877,93,-13.43,70.62,147.9,14.41
178,joigny,90,FR,1575573185,100,28.4,47.98,3.4,2.24
179,impfondo,96,CD,1575573185,68,79.95,1.62,18.06,0.74
180,varna,0,BG,1575573185,65,32.0,43.22,27.9,3.36
181,ulladulla,18,AU,1575573185,100,54.0,-35.36,150.48,2.24
182,hatillo,1,PR,1575573185,76,87.01,18.49,-66.83,8.05
183,atagay,20,RU,1575573185,94,11.89,55.1,99.39,7.72
184,robertsport,13,LR,1575573186,74,83.75,6.75,-11.37,16.55
185,staryy nadym,100,RU,1575573186,96,8.69,65.61,72.68,3.65
186,clyde river,75,CA,1575572884,83,-9.4,70.47,-68.59,8.05
187,namatanai,83,PG,1575572905,77,81.73,-3.66,152.44,4.59
188,hay river,90,CA,1575573186,77,-2.2,60.82,-115.79,2.24
189,narsaq,20,GL,1575572884,31,21.2,60.91,-46.05,4.7
190,taraz,90,KZ,1575573186,66,48.2,42.89,71.39,2.24
191,kalavad,98,IN,1575572900,50,79.0,22.21,70.38,7.49
192,souillac,0,FR,1575572875,93,44.01,45.6,-0.6,3.91
193,gamba,22,CN,1575573186,30,19.2,28.28,88.52,1.23
194,le port,100,FR,1575573186,86,48.0,42.87,1.37,5.01
195,woodstock,90,CA,1575573073,74,33.01,43.13,-80.75,24.16
196,rakiv lis,0,UA,1575573186,66,30.92,51.62,24.92,8.66
197,bethel,90,US,1575572734,92,14.0,60.79,-161.76,12.75
198,cherskiy,1,RU,1575572888,64,-0.78,68.75,161.3,9.84
199,pizhma,99,RU,1575573187,90,35.92,57.86,47.12,12.64
200,honiara,40,SB,1575573187,94,73.4,-9.43,159.96,2.24
201,sorland,40,NO,1575572907,63,37.4,67.67,12.69,18.34
202,oudtshoorn,0,ZA,1575573187,88,64.4,-33.59,22.2,2.24
203,isangel,92,VU,1575573187,100,75.2,-19.55,169.27,4.7
204,norman wells,75,CA,1575572884,67,-27.4,65.28,-126.83,4.7
205,kununurra,74,AU,1575572892,74,78.8,-15.77,128.74,3.36
206,puerto baquerizo moreno,40,EC,1575573187,74,78.8,-0.9,-89.6,16.11
207,lasa,20,CY,1575573187,58,59.0,34.92,32.53,11.41
208,port hawkesbury,90,CA,1575573187,60,39.2,45.62,-61.36,2.24
209,huambo,90,AO,1575573187,92,62.96,-12.78,15.73,3.89
210,erenhot,89,CN,1575573187,66,17.08,43.65,111.97,11.92
211,georgetown,40,GY,1575572655,70,87.8,6.8,-58.16,11.41
212,havre-saint-pierre,90,CA,1575573187,92,26.6,50.23,-63.6,3.36
213,cayenne,45,GF,1575572906,78,82.4,4.94,-52.33,6.93
214,xai-xai,77,MZ,1575573187,69,68.23,-25.04,33.64,4.32
215,salinopolis,5,BR,1575573187,79,81.61,-0.61,-47.36,17.78
216,upernavik,4,GL,1575572870,73,6.4,72.79,-56.15,14.23
217,haapsalu,96,EE,1575573187,86,44.01,58.95,23.55,20.0
218,camacari,20,BR,1575573187,62,86.0,-12.7,-38.32,14.99
219,kamyshin,100,RU,1575573188,89,31.6,50.08,45.4,13.58
220,brownsville,40,US,1575573188,61,82.99,25.91,-97.49,13.87
221,ouallam,58,NE,1575573188,9,82.62,14.32,2.08,9.48
222,mamallapuram,75,IN,1575573188,65,81.0,12.63,80.17,10.29
223,anadyr,75,RU,1575573188,78,17.6,64.73,177.51,26.84
224,linhares,74,BR,1575572995,78,82.85,-19.38,-40.06,7.11
225,namibe,90,AO,1575573188,80,72.27,-15.19,12.15,7.31
226,la huerta,52,MX,1575573188,71,81.0,25.51,-107.76,5.01
227,nome,1,US,1575572882,57,75.2,30.04,-94.42,6.93
228,hun,40,BE,1575572916,89,35.6,50.34,4.87,13.87
229,kirovskiy,21,RU,1575573188,87,-2.31,45.09,133.51,4.68
230,palimbang,75,PH,1575573188,88,79.0,14.9,120.78,2.24
231,torbay,75,CA,1575572885,87,42.8,47.66,-52.73,32.21
232,adre,0,TD,1575573188,14,68.34,13.47,22.2,5.21
233,maragogi,100,BR,1575573112,69,80.87,-9.01,-35.22,9.17
234,caravelas,74,BR,1575572878,74,84.31,-17.73,-39.27,13.09
235,sao gabriel da cachoeira,40,BR,1575573189,62,89.6,-0.13,-67.09,5.82
236,quanzhou,90,CN,1575573189,87,51.8,24.9,118.59,2.24
237,victoria,75,BN,1575572715,88,78.8,5.28,115.24,9.4
238,alofi,59,NU,1575572913,94,75.2,-19.06,-169.92,2.24
239,castrillon,75,ES,1575573189,100,50.0,43.4,-6.79,3.36
240,aksu,90,KZ,1575572895,100,35.6,52.04,76.93,6.71
241,san borja,72,BO,1575573189,54,90.34,-14.86,-66.75,4.52
242,laguna de perlas,75,NI,1575573189,74,84.2,12.34,-83.67,11.41
243,kutum,0,SD,1575573189,17,66.16,14.2,24.66,5.01
244,freilassing,20,DE,1575573189,100,30.99,47.84,12.98,2.24
245,arandis,100,NA,1575573189,84,66.99,-22.42,14.98,1.99
246,challapata,43,BO,1575573190,54,54.39,-18.9,-66.78,8.9
247,sambava,20,MG,1575573190,87,72.52,-14.27,50.17,2.3
248,aras,20,ES,1575573190,87,46.99,42.56,-2.36,6.93
249,khatanga,0,RU,1575572895,86,-29.94,71.98,102.47,10.56
250,thompson,75,CA,1575572608,69,-9.4,55.74,-97.86,5.82
251,arraial do cabo,75,BR,1575572670,66,86.0,-22.97,-42.02,17.22
252,shimoda,100,JP,1575572912,79,46.0,34.7,138.93,34.81
253,fargo,40,US,1575573101,92,32.0,46.88,-96.79,17.22
254,kitui,96,KE,1575573190,86,68.83,-1.37,38.02,2.15
255,fare,98,PF,1575573190,72,81.68,-16.7,-151.02,5.01
256,hobart,75,AU,1575572860,57,51.8,-42.88,147.33,19.46
257,sisimiut,0,GL,1575573190,56,1.62,66.94,-53.67,11.68
258,aguimes,75,ES,1575573190,72,66.0,27.91,-15.45,9.17
259,monticello,1,US,1575573190,57,53.6,40.03,-88.57,12.75
260,klaksvik,44,FO,1575572884,66,37.4,62.23,-6.59,18.34
261,kudahuvadhoo,100,MV,1575572911,78,82.47,2.67,72.89,13.15
262,katangli,0,RU,1575573190,80,2.41,51.71,143.23,12.28
263,nanortalik,37,GL,1575572878,50,29.79,60.14,-45.24,2.13
264,rundu,90,NA,1575573190,73,73.4,-17.91,19.77,3.36
265,faya,20,SA,1575573191,87,62.6,18.39,42.45,5.82
266,coihaique,20,CL,1575572899,48,62.6,-45.58,-72.07,9.17
267,jensen beach,5,US,1575573011,30,72.0,27.25,-80.23,9.17
268,mao,20,DO,1575573191,58,89.01,19.55,-71.08,6.93
269,arman,99,RU,1575573191,94,3.6,59.7,150.17,21.39
270,yulara,0,AU,1575573072,9,75.2,-25.24,130.99,6.93
271,ostrovnoy,100,RU,1575573191,94,21.2,68.05,39.51,14.52
272,agirish,75,RU,1575573191,95,3.36,61.92,63.02,6.02
273,college place,20,US,1575573191,74,41.0,46.05,-118.39,0.45
274,turukhansk,100,RU,1575573191,93,13.33,65.8,87.96,15.48
275,sistranda,20,NO,1575573191,86,42.01,63.73,8.83,14.99
276,margate,75,AU,1575573191,57,51.8,-43.03,147.26,19.46
277,tiruchchendur,83,IN,1575573191,82,76.39,8.48,78.12,14.74
278,americus,1,US,1575573192,20,68.0,32.07,-84.23,5.82
279,kongolo,70,CD,1575573192,96,70.97,-5.39,27.0,1.07
280,alto araguaia,48,BR,1575573192,64,83.53,-17.32,-53.22,8.01
281,san rafael,0,AR,1575573192,12,84.24,-34.61,-68.33,12.82
282,derzhavinsk,90,KZ,1575573192,95,11.55,51.1,66.31,12.59
283,todos santos,5,MX,1575572896,44,80.6,23.45,-110.23,5.82
284,kavieng,81,PG,1575572908,74,82.87,-2.57,150.8,1.68
285,constitucion,5,MX,1575572876,12,71.6,23.99,-104.67,4.7
286,ondjiva,89,AO,1575572889,64,75.25,-17.07,15.73,6.6
287,dunda,0,IN,1575573192,40,45.09,30.62,78.32,4.56
288,vardo,1,US,1575572914,39,45.0,39.62,-77.74,13.87
289,saint-philippe,90,CA,1575572874,80,32.0,45.36,-73.48,13.87
290,lorengau,46,PG,1575572907,75,83.52,-2.02,147.27,7.23
291,yaan,7,NG,1575573192,25,85.3,7.38,8.57,2.62
292,tocopilla,40,CL,1575573192,16,76.78,-22.09,-70.2,12.75
293,killybegs,90,IE,1575573192,100,53.6,54.63,-8.45,23.04
294,el paso,75,US,1575573146,48,64.4,31.76,-106.49,11.41
295,acurenam,88,GA,1575573193,95,70.38,1.03,10.67,2.84
296,pompeu,90,BR,1575573193,83,75.2,-21.05,-48.85,4.7
297,yanggu,98,CN,1575573193,63,40.91,25.39,116.32,5.35
298,saskylakh,43,RU,1575572896,99,-36.38,71.97,114.09,2.66
299,kaitangata,49,NZ,1575572881,77,51.67,-46.28,169.85,12.15
300,bambous virieux,40,MU,1575572875,83,79.0,-20.34,57.76,8.03
301,adrar,0,DZ,1575573193,29,66.2,27.87,-0.29,8.05
302,cairns,90,AU,1575573193,78,78.8,-16.92,145.77,3.36
303,barcelos,100,BR,1575573193,62,86.92,-0.97,-62.93,5.19
304,makakilo city,1,US,1575573193,69,80.01,21.35,-158.09,5.82
305,oum hadjer,0,TD,1575573193,12,76.08,13.3,19.7,4.43
306,psebay,1,RU,1575573194,60,22.5,44.12,40.81,3.96
307,sur,0,OM,1575572894,60,71.94,22.57,59.53,9.89
308,southbridge,75,US,1575573194,55,41.0,42.08,-72.03,13.87
309,hualmay,51,PE,1575573194,52,78.13,-11.1,-77.61,9.73
310,novaya ladoga,100,RU,1575573194,85,39.49,60.11,32.31,13.4
311,morondava,38,MG,1575573194,58,83.35,-20.3,44.28,5.21
312,morro bay,75,US,1575573114,72,61.0,35.37,-120.85,6.58
313,tura,100,RU,1575573194,94,-4.81,64.27,100.22,4.88
314,atar,0,MR,1575573185,25,70.84,20.52,-13.05,7.96
315,tongliao,0,CN,1575573194,62,0.09,43.61,122.27,6.64
316,taoudenni,0,ML,1575572915,20,68.61,22.68,-3.98,4.5
317,katsuura,75,JP,1575572904,49,46.4,33.93,134.5,16.11
318,naryan-mar,72,RU,1575573195,97,0.43,67.67,53.09,10.2
319,spirit river,20,CA,1575573195,78,14.0,55.78,-118.84,5.82
320,garoua,0,CM,1575573195,30,80.6,9.31,13.39,5.82
321,port lincoln,15,AU,1575573195,84,56.77,-34.72,135.86,8.34
322,hamilton,90,CA,1575572907,72,35.01,43.26,-79.87,12.75
323,zhangye,0,CN,1575573195,38,25.12,38.94,100.46,8.61
324,kampong thum,7,KH,1575573195,71,64.54,12.71,104.89,6.49
325,ayaviri,81,PE,1575573195,53,55.2,-14.88,-70.59,8.14
326,kieta,100,PG,1575572902,75,79.48,-6.22,155.63,3.71
327,powell river,75,CA,1575573195,86,43.0,49.84,-124.52,2.24
328,cabinda,100,AO,1575573195,82,79.66,-5.56,12.19,8.21
329,ancud,40,CL,1575572899,63,62.6,-41.87,-73.83,10.29
330,aklavik,75,CA,1575573195,77,1.4,68.22,-135.01,6.93
331,xining,0,CN,1575573195,70,10.18,36.62,101.77,6.35
332,turiacu,95,BR,1575573196,53,91.51,-5.01,-63.0,3.51
333,hollins,1,US,1575573196,25,53.6,37.35,-79.95,13.87
334,trincomalee,100,LK,1575573196,98,73.9,8.58,81.23,2.75
335,paijan,75,PE,1575573196,73,71.6,-7.73,-79.3,10.29
336,walvis bay,62,NA,1575573196,72,68.0,-22.95,14.51,3.36
337,khovu-aksy,0,RU,1575573196,69,4.23,51.13,93.72,9.98
338,diedorf,90,DE,1575573196,100,33.01,48.35,10.78,4.7
339,padang,89,ID,1575572893,89,67.5,-0.92,100.36,5.75
340,gubkinskiy,100,RU,1575573196,95,14.54,64.43,76.5,7.76
341,jijiga,100,ET,1575573196,57,58.41,9.35,42.8,12.73
342,novyy urgal,9,RU,1575573197,96,-23.39,51.07,132.56,0.11
343,alpena,90,US,1575573085,63,32.0,45.06,-83.43,5.82
344,kendal,100,ID,1575573197,86,75.76,-6.92,110.2,3.02
345,maunabo,40,PR,1575573197,74,87.01,18.01,-65.9,10.29
346,berdigestyakh,69,RU,1575573197,96,-40.41,62.1,126.7,4.72
347,geraldton,90,CA,1575572882,85,15.8,49.72,-86.95,4.7
348,cacheu,7,GW,1575573197,51,87.8,12.27,-16.16,4.7
349,ayan,98,IR,1575573198,96,28.6,38.23,44.7,5.66
350,muros,20,ES,1575572879,100,54.0,42.77,-9.06,8.05
351,bermejo,97,AR,1575573198,48,74.46,-22.73,-64.34,1.61
352,buin,0,CL,1575573198,11,89.6,-33.73,-70.74,6.93
353,kouroussa,12,GN,1575573198,21,82.67,10.65,-9.88,0.83
354,xuddur,74,SO,1575573198,44,78.3,4.12,43.89,3.06
355,mildura,17,AU,1575572894,76,53.6,-34.18,142.16,5.82
356,vao,100,EE,1575573198,83,41.0,59.1,26.19,15.05
357,elbrus,3,RU,1575573198,28,12.16,43.26,42.65,5.28
358,santiago del estero,0,AR,1575573198,29,83.68,-27.8,-64.26,6.64
359,srandakan,93,ID,1575573198,87,76.08,-7.94,110.25,1.66
360,zhireken,78,RU,1575573198,85,-10.82,52.82,117.29,5.64
361,tomigusuku,90,JP,1575573199,82,62.6,26.18,127.67,12.75
362,ulaangom,30,MN,1575573199,88,-3.87,49.98,92.07,3.13
363,delta del tigre,40,UY,1575573199,55,66.99,-34.76,-56.41,10.29
364,laguna,75,BZ,1575572905,78,80.6,16.17,-88.94,9.17
365,tautira,90,PF,1575572906,74,80.6,-17.73,-149.15,3.36
366,shenjiamen,100,CN,1575573199,79,53.38,29.96,122.3,28.23
367,altay,96,CN,1575572895,36,23.47,47.83,88.13,3.42
368,high level,90,CA,1575573199,91,3.2,58.52,-117.13,3.36
369,toccoa,1,US,1575573199,20,64.4,34.58,-83.33,5.82
370,waipawa,51,NZ,1575573199,74,57.0,-39.94,176.59,5.99
371,harnosand,62,SE,1575573199,81,41.0,62.63,17.94,6.93
372,san patricio,0,PY,1575572879,29,83.41,-26.98,-56.83,9.84
373,nemuro,54,JP,1575573199,63,30.29,43.32,145.57,14.05
374,egvekinot,72,RU,1575572892,92,-0.38,66.32,-179.17,9.4
375,hofn,75,IS,1575572882,59,33.8,64.25,-15.21,14.99
376,port-gentil,40,GA,1575573200,88,80.6,-0.72,8.78,8.05
377,nortelandia,91,BR,1575573200,49,91.72,-14.45,-56.8,3.71
378,nusaybin,90,TR,1575573200,81,48.2,37.08,41.21,20.8
379,san cristobal,81,HN,1575572889,60,76.15,14.68,-86.92,5.39
380,hirara,100,JP,1575573200,86,68.0,24.8,125.28,27.49
381,dong hoi,71,VN,1575573200,59,65.28,17.48,106.6,18.61
382,belen,75,US,1575573200,37,55.4,34.66,-106.78,26.4
383,moramanga,51,MG,1575573200,92,66.58,-18.95,48.23,5.06
384,inirida,100,CO,1575573200,95,79.23,3.87,-67.92,2.19
385,caernarfon,100,GB,1575573200,93,53.01,53.14,-4.27,24.16
386,pangnirtung,75,CA,1575572882,72,10.4,66.15,-65.72,4.7
387,sulangan,100,PH,1575573200,77,82.51,11.14,123.72,7.61
388,zhanaozen,0,KZ,1575573200,73,30.79,43.35,52.85,7.96
389,tuatapere,74,NZ,1575572890,75,55.0,-46.13,167.69,3.0
390,bosaso,100,SO,1575573200,79,77.27,11.28,49.18,14.63
391,catuday,100,PH,1575573201,78,80.85,16.29,119.81,5.46
392,north bend,20,US,1575573201,93,53.01,43.41,-124.22,6.93
393,khani,1,GE,1575573201,74,33.8,41.96,42.96,3.36
394,kuzhithurai,75,IN,1575573201,94,78.8,8.32,77.18,3.83
395,barmer,84,IN,1575573201,24,71.73,25.74,71.4,11.74
396,half moon bay,90,US,1575572985,82,59.0,37.46,-122.43,9.17
397,merauke,93,ID,1575572917,90,76.66,-8.49,140.4,4.27
398,trinidad,75,BO,1575573201,70,87.8,-14.83,-64.9,5.82
399,qostanay,40,KZ,1575573143,85,12.2,53.17,63.58,8.95
400,tubuala,75,PA,1575573202,94,82.99,9.52,-79.03,11.41
401,imeni babushkina,100,RU,1575573202,90,35.67,59.76,43.13,12.48
402,bilibino,31,RU,1575572904,88,-11.54,68.06,166.44,8.95
403,ippy,0,CF,1575573202,23,79.59,6.26,21.2,3.56
404,vanimo,96,PG,1575573202,77,84.11,-2.67,141.3,16.24
405,salinas,20,US,1575573109,72,60.8,36.67,-121.66,4.7
406,alta floresta,60,BR,1575572914,60,88.02,-9.87,-56.08,3.53
407,general pico,0,AR,1575573202,11,90.16,-35.66,-63.75,11.72
408,sampit,26,ID,1575573202,90,75.6,-2.54,112.95,1.97
409,ngaoundere,0,CM,1575573202,32,71.22,7.32,13.58,5.01
410,abalak,29,NE,1575573202,11,75.22,15.46,6.28,10.36
411,leh,0,IN,1575573202,41,-1.03,34.16,77.58,2.86
412,zhigansk,91,RU,1575572908,93,-34.73,66.77,123.37,9.8
413,noumea,100,NC,1575572686,94,78.01,-22.28,166.46,1.12
414,edson,1,CA,1575573203,92,6.8,53.59,-116.44,6.93
415,mitchell,1,US,1575573177,74,37.4,43.71,-98.03,8.05
416,itacarambi,30,BR,1575573203,67,85.17,-15.1,-44.09,5.53
417,chapais,90,CA,1575573203,79,21.2,49.78,-74.86,6.93
418,diffa,0,NE,1575573203,13,74.44,13.32,12.61,6.55
419,ampanihy,84,MG,1575573203,73,68.47,-24.69,44.75,15.75
420,haines junction,100,CA,1575572905,100,-4.63,60.75,-137.51,0.85
421,nouadhibou,0,MR,1575572896,68,68.0,20.93,-17.03,12.75
422,taywarah,0,AF,1575573203,58,28.63,33.35,64.42,1.99
423,silver city,75,US,1575573203,58,53.6,32.77,-108.28,19.46
424,conceicao do araguaia,75,BR,1575573204,42,98.6,-8.26,-49.26,11.41
425,crib point,100,AU,1575573204,76,57.0,-38.35,145.2,5.01
426,mtwara,40,TZ,1575573204,83,80.6,-10.28,40.18,4.85
427,haselunne,78,DE,1575573204,100,37.4,52.67,7.48,14.99
428,borger,90,NL,1575573204,93,39.2,52.92,6.79,17.22
429,gravelbourg,34,CA,1575573204,91,17.49,49.88,-106.56,4.23
430,goundam,1,ML,1575573204,15,76.23,16.42,-3.66,2.66
431,neustadt,90,CH,1575573204,60,35.01,47.05,8.31,4.7
432,marawi,100,PH,1575573204,91,75.0,8.0,124.29,5.01
433,pokrovsk,96,RU,1575573205,95,-40.7,61.48,129.14,4.16
434,kyrksaeterora,20,NO,1575573205,86,42.8,63.29,9.09,14.99
435,mahibadhoo,94,MV,1575572894,82,81.64,3.78,72.97,17.72
436,labuhan,77,ID,1575572897,87,75.74,-2.54,115.51,1.63
437,wajir,5,KE,1575573205,83,80.6,1.75,40.07,6.04
438,evansville,1,US,1575573182,43,60.8,37.97,-87.56,12.75
439,uglovskoye,99,RU,1575573205,82,34.74,51.36,80.19,15.57
440,smidovich,0,RU,1575573205,83,-5.91,48.6,133.81,7.27
441,vila do maio,75,CV,1575573205,60,75.2,15.13,-23.22,21.92
442,grand gaube,40,MU,1575572885,83,79.0,-20.01,57.66,9.73
443,los llanos de aridane,40,ES,1575572894,59,66.2,28.66,-17.92,24.16
444,upington,75,ZA,1575573090,82,68.0,-28.46,21.24,14.99
445,cicero dantas,35,BR,1575573206,24,95.4,-10.6,-38.38,16.73
446,the valley,40,AI,1575573206,74,86.0,18.22,-63.06,13.87
447,independencia,0,MX,1575573206,67,77.32,20.06,-97.05,4.38
448,glendive,20,US,1575573206,80,30.99,47.11,-104.71,6.93
449,mansfield,40,GB,1575573206,87,50.0,53.14,-1.2,20.8
450,carbonia,2,IT,1575573206,100,55.4,39.17,8.53,2.24
451,hovd,90,NO,1575572913,93,42.01,63.83,10.7,16.11
452,northam,0,AU,1575573206,25,84.2,-31.65,116.67,18.34
453,camacha,40,PT,1575572904,67,62.6,33.08,-16.33,25.28
454,bara,0,NG,1575573207,24,80.11,10.41,10.6,6.82
455,charters towers,72,AU,1575573207,94,72.64,-20.07,146.27,6.13
456,vrangel,0,RU,1575573207,78,15.1,42.73,133.08,27.69
457,horizontina,21,BR,1575573207,44,81.0,-27.63,-54.31,5.01
458,nelson bay,90,AU,1575573207,88,66.2,-32.72,152.14,5.82
459,bronnoysund,75,NO,1575573207,64,37.99,65.46,12.2,10.29
460,tigbao,100,PH,1575573207,94,72.88,11.26,124.97,1.39
461,lima,40,PE,1575573113,64,75.2,-12.06,-77.04,12.75
462,turayf,0,SA,1575573207,66,53.6,31.68,38.65,4.7
463,airai,77,TL,1575572878,61,67.05,-8.93,125.41,4.0
464,mirpur sakro,40,PK,1575573207,15,73.4,24.55,67.63,13.87
465,gambiran,83,ID,1575573207,88,76.05,-7.93,111.77,0.78
466,igrim,88,RU,1575573207,97,4.53,63.19,64.42,6.67
467,ilhabela,86,BR,1575573065,84,76.84,-23.78,-45.36,15.35
468,athabasca,21,CA,1575573208,77,17.55,54.72,-113.29,10.18
469,khonsa,22,IN,1575573208,61,54.5,26.99,95.51,4.29
470,imeni stepana razina,100,RU,1575573208,96,33.39,54.89,44.3,16.13
471,flin flon,75,CA,1575573208,77,-0.4,54.77,-101.88,6.93
472,dawei,18,MM,1575573208,48,75.29,14.07,98.19,30.24
473,bathsheba,40,BB,1575572895,58,87.8,13.22,-59.52,20.8
474,taybad,82,IR,1575573208,77,47.82,34.74,60.78,14.2
475,kwekwe,69,ZW,1575573208,69,66.74,-18.93,29.81,11.27
476,neuquen,0,AR,1575573114,17,84.2,-38.95,-68.06,11.41
477,oshawa,90,CA,1575572977,86,33.8,43.92,-78.86,8.05
478,buala,99,SB,1575572914,78,79.54,-8.15,159.59,2.71
479,weligama,100,LK,1575573208,95,75.16,5.97,80.42,6.02
480,porto walter,99,BR,1575573208,92,79.7,-8.27,-72.74,3.53
481,naze,40,NG,1575572916,83,82.4,5.43,7.07,4.7
482,omboue,93,GA,1575573208,93,75.45,-1.57,9.26,3.06
483,cedro,95,BR,1575573209,17,100.22,-6.61,-39.06,7.23
484,kavaratti,61,IN,1575573209,75,82.74,10.57,72.64,7.83
485,bismarck,40,US,1575573002,80,30.2,46.81,-100.78,16.11
486,providencia,75,CO,1575573209,77,69.8,1.24,-77.6,10.29
487,russell,1,US,1575573209,47,55.4,38.9,-98.86,5.82
488,liverpool,20,GB,1575573209,81,53.6,53.41,-2.98,14.99
489,biak,100,ID,1575573209,80,81.64,-0.91,122.88,6.11
490,baljevac,14,BA,1575573209,84,30.6,44.82,15.78,2.89
491,ust-maya,100,RU,1575573209,98,-36.71,60.42,134.54,0.58
492,sitka,0,US,1575572881,51,55.0,37.17,-99.65,1.88
493,dubti,14,ET,1575573210,46,80.11,11.74,41.09,13.18
494,revelstoke,90,CA,1575573211,92,26.6,50.99,-118.19,1.34
495,karratha,18,AU,1575573211,68,82.65,-20.74,116.85,8.61
496,yulin,0,CN,1575573211,52,24.39,38.3,109.75,4.16
497,mackay,20,CA,1575573211,92,10.4,53.65,-115.58,6.93
498,coquimbo,75,CL,1575572690,72,77.0,-29.95,-71.34,11.41
499,pokhara,21,NP,1575573212,67,54.16,28.21,83.99,3.53
500,usinsk,96,RU,1575573212,96,5.09,66.0,57.56,10.67
501,allingabro,100,DK,1575573212,81,46.4,56.47,10.33,10.29
502,new amsterdam,21,GY,1575573212,62,87.04,6.25,-57.52,6.17
503,isabela,100,PH,1575573212,90,71.51,10.2,122.99,1.86
504,berlevag,75,NO,1575572877,100,30.2,70.86,29.09,2.24
505,rio bueno,75,JM,1575573212,74,82.4,18.47,-77.46,10.29
506,lata,0,IN,1575572890,14,21.7,30.78,78.62,6.29
507,sampang,100,ID,1575573212,82,77.25,-7.54,109.46,0.6
508,krasnorechenskiy,0,RU,1575573212,81,-6.56,44.63,135.35,8.68
509,polovinnoye,96,RU,1575573212,95,12.52,54.79,65.99,8.14
510,kysyl-syr,45,RU,1575573213,96,-39.26,63.9,122.77,5.3
511,yumen,40,CN,1575573213,47,19.98,40.29,97.04,8.63
512,udachnyy,36,RU,1575572915,64,-41.8,66.42,112.4,4.47
513,puerto escondido,20,MX,1575572896,66,87.8,15.86,-97.07,6.6
514,chernyshevskiy,28,RU,1575573213,92,-36.85,63.01,112.47,3.27
515,ambalavao,100,MG,1575573213,95,64.65,-21.83,46.94,7.43
516,vanavara,100,RU,1575573213,95,0.27,60.35,102.28,4.09
517,nishihara,75,JP,1575572893,61,51.01,35.74,139.53,10.29
518,fort nelson,90,CA,1575572902,84,6.8,58.81,-122.69,4.7
519,baymak,81,RU,1575573213,92,11.17,52.6,58.31,7.11
520,buraydah,40,SA,1575573213,60,68.0,26.33,43.97,4.7
521,auki,5,NG,1575573213,18,78.84,12.18,6.51,8.3
522,rio grande,20,BR,1575573213,39,80.6,-32.03,-52.1,16.11
523,douglas,90,US,1575572905,93,35.6,58.28,-134.39,8.05
524,mehamn,75,NO,1575572913,100,35.6,71.03,27.85,2.24
525,dryden,90,CA,1575572907,85,21.2,49.79,-92.84,5.82
526,sunndalsora,75,NO,1575573213,96,42.8,62.68,8.55,29.97
527,munster,40,US,1575573092,57,46.0,41.56,-87.51,10.29
528,aranos,100,NA,1575573214,78,64.67,-24.14,19.11,7.63
529,sioux lookout,90,CA,1575572666,85,21.2,50.1,-91.92,5.82
530,kenai,90,US,1575572744,84,15.01,60.55,-151.26,12.77
531,meulaboh,78,ID,1575572881,80,81.36,4.14,96.13,6.44
532,millerovo,96,RU,1575572887,93,31.17,48.92,40.39,10.74
533,krasnovishersk,98,RU,1575573214,95,8.04,60.4,57.08,8.19
534,saint marys,90,US,1575573214,92,36.0,41.43,-78.56,4.7
535,onega,100,RU,1575573214,93,34.39,63.91,38.09,14.61
536,montrose,75,GB,1575573214,93,53.6,56.71,-2.47,21.92
537,itatiba,40,BR,1575573214,83,82.4,-23.0,-46.84,3.36
538,senneterre,90,CA,1575573214,85,21.2,48.39,-77.24,5.82
539,dickson,1,US,1575573214,31,62.6,36.08,-87.39,6.93
540,kinsale,75,IE,1575573214,93,53.01,51.71,-8.52,14.99
541,camocim,85,BR,1575573214,55,87.39,-2.9,-40.84,12.75
542,klyuchi,100,RU,1575572883,94,34.45,52.25,79.17,10.92
543,pilot butte,20,CA,1575573215,72,19.0,50.48,-104.42,9.17
544,kuching,75,MY,1575573215,100,75.2,1.56,110.34,1.12
545,finnsnes,90,NO,1575573215,96,36.0,69.23,17.98,17.22
546,luanda,75,AO,1575573215,78,80.6,-8.83,13.24,8.05
547,tinde,98,TZ,1575573215,81,69.42,-3.87,33.2,1.59
548,bandundu,58,CD,1575573215,91,74.34,-3.32,17.38,3.51
549,lavrentiya,100,RU,1575573215,86,14.23,65.58,-170.99,20.47
550,tres palos,75,MX,1575573215,66,86.0,16.83,-99.78,3.36
551,la palma,26,CO,1575572905,59,84.0,5.36,-74.39,3.96
552,mnogovershinnyy,90,RU,1575572901,86,-4.45,53.94,139.92,12.66
553,varca,36,IN,1575573216,67,79.11,15.22,73.92,8.1
554,warrnambool,100,AU,1575573216,80,54.0,-38.38,142.48,13.0
555,mana,0,NG,1575573216,15,78.04,13.03,5.27,7.05
556,jiexiu,0,CN,1575573216,53,25.47,37.02,111.92,2.59
